City_ID,City,Lat,Lng,Max Temp,Humidity,Cloudiness,Wind Speed,Country,Date
0,Saint George,37.1041,-113.5841,81.07,26,1,1.99,US,2021-10-31 21:54:25
1,East London,-33.0153,27.9116,65.8,82,70,12.64,ZA,2021-10-31 21:57:37
2,Tasiilaq,65.6145,-37.6368,18.16,59,62,5.59,GL,2021-10-31 21:57:37
3,Jamestown,42.097,-79.2353,53.29,79,75,11.01,US,2021-10-31 21:53:15
4,Longyearbyen,78.2186,15.6401,25.75,88,100,5.99,SJ,2021-10-31 21:57:38
5,Cape Town,-33.9258,18.4232,65.08,71,75,3.0,ZA,2021-10-31 21:57:38
6,Cidreira,-30.1811,-50.2056,68.14,87,7,21.63,BR,2021-10-31 21:57:39
7,Hithadhoo,-0.6,73.0833,82.31,76,100,18.54,MV,2021-10-31 21:57:39
8,Barrow,71.2906,-156.7887,24.78,94,100,15.43,US,2021-10-31 21:57:40
9,Bom Jesus,-9.0744,-44.3586,86.07,35,85,3.62,BR,2021-10-31 21:57:40
10,Port Alberni,49.2413,-124.8028,55.9,64,0,1.99,CA,2021-10-31 21:57:40
11,Lamu,-2.2717,40.902,78.28,85,10,10.89,KE,2021-10-31 21:57:41
12,Lorengau,-2.0226,147.2712,81.05,82,100,13.29,PG,2021-10-31 21:57:41
13,Dodola,6.9833,39.1833,47.26,78,16,2.95,ET,2021-10-31 21:57:42
14,Atuona,-9.8,-139.0333,78.73,75,4,19.86,PF,2021-10-31 21:57:42
15,Rikitea,-23.1203,-134.9692,73.22,86,73,14.99,PF,2021-10-31 21:57:42
16,Tshikapa,-6.4167,20.8,71.47,87,77,2.21,CD,2021-10-31 21:57:43
17,Qandala,11.472,49.8728,79.54,76,33,7.52,SO,2021-10-31 21:57:43
18,Ugoofaaru,5.6667,73.0,81.46,76,100,17.67,MV,2021-10-31 21:57:43
19,Dunedin,-45.8742,170.5036,59.81,44,55,8.01,NZ,2021-10-31 21:54:13
20,Bluff,-46.6,168.3333,55.53,68,96,27.02,NZ,2021-10-31 21:52:47
21,Cockburn Town,21.4612,-71.1419,84.16,65,20,0.0,TC,2021-10-31 21:57:44
22,Walvis Bay,-22.9575,14.5053,60.1,88,0,4.61,NA,2021-10-31 21:57:45
23,Jinka,5.65,36.65,65.5,49,17,4.68,ET,2021-10-31 21:57:45
24,Punta Arenas,-53.15,-70.9167,51.91,62,0,17.27,CL,2021-10-31 21:57:45
25,Naze,28.3667,129.4833,67.12,80,96,14.9,JP,2021-10-31 21:57:46
26,Cabo San Lucas,22.8909,-109.9124,88.61,66,14,1.01,MX,2021-10-31 21:57:46
27,Albany,42.6001,-73.9662,58.08,77,99,1.01,US,2021-10-31 21:54:16
28,Rio Gallegos,-51.6226,-69.2181,59.05,29,0,31.07,AR,2021-10-31 21:54:13
29,Kapaa,22.0752,-159.319,82.47,68,4,1.01,US,2021-10-31 21:57:47
30,Nanortalik,60.1432,-45.2371,34.02,75,60,11.3,GL,2021-10-31 21:56:38
31,Yellowknife,62.456,-114.3525,34.41,91,40,10.36,CA,2021-10-31 21:57:47
32,Yaan,7.3833,8.5667,76.3,81,43,5.95,NG,2021-10-31 21:57:48
33,Verkhniy Rohachyk,47.2505,34.338,43.75,89,0,8.39,UA,2021-10-31 21:57:48
34,Srednekolymsk,67.45,153.6833,-8.79,100,96,6.64,RU,2021-10-31 21:55:31
35,Port Alfred,-33.5906,26.891,66.43,83,79,15.39,ZA,2021-10-31 21:57:49
36,Luderitz,-26.6481,15.1594,60.94,79,57,5.82,NA,2021-10-31 21:57:49
37,Taber,49.8167,-112.1518,35.71,80,1,5.75,CA,2021-10-31 21:57:50
38,Georgetown,5.4112,100.3354,78.89,93,20,1.99,MY,2021-10-31 21:52:55
39,Zirandaro,18.45,-100.9833,85.71,60,94,0.63,MX,2021-10-31 21:57:50
40,Pangnirtung,66.1451,-65.7125,25.23,96,100,5.17,CA,2021-10-31 21:54:24
41,Torbay,47.6666,-52.7314,43.57,95,90,12.66,CA,2021-10-31 21:56:40
42,Merauke,-8.4667,140.3333,80.92,83,82,11.16,ID,2021-10-31 21:53:53
43,General Cepeda,25.3833,-101.45,78.31,18,2,12.39,MX,2021-10-31 21:57:51
44,Dikson,73.5069,80.5464,6.53,93,100,11.83,RU,2021-10-31 21:51:58
45,Mataura,-46.1927,168.8643,58.48,44,75,8.48,NZ,2021-10-31 21:57:52
46,Salamiyah,35.0113,37.0532,65.5,65,99,20.94,SY,2021-10-31 21:57:52
47,Hilo,19.7297,-155.09,82.26,80,19,5.01,US,2021-10-31 21:56:40
48,Bethel,41.3712,-73.414,61.92,81,48,1.01,US,2021-10-31 21:55:20
49,Shimoda,34.6667,138.95,59.11,81,77,10.8,JP,2021-10-31 21:58:53
50,Chuy,-33.6971,-53.4616,65.61,94,38,8.57,UY,2021-10-31 21:58:53
51,Nova Olinda Do Norte,-3.8881,-59.0942,82.69,67,95,1.36,BR,2021-10-31 21:58:53
52,Acapulco,16.8634,-99.8901,82.27,77,81,6.31,MX,2021-10-31 21:58:06
53,Ueda,36.4,138.2667,48.0,84,42,1.9,JP,2021-10-31 21:58:54
54,Okhotsk,59.3833,143.3,8.02,72,1,14.74,RU,2021-10-31 21:58:55
55,Lincoln,40.8,-96.667,49.44,48,48,1.99,US,2021-10-31 21:57:16
56,Balad,34.0164,44.1453,77.45,34,98,6.46,IQ,2021-10-31 21:58:55
57,Imbituba,-28.24,-48.6703,71.49,92,78,10.74,BR,2021-10-31 21:58:55
58,Sovetskiy,61.3614,63.5842,19.22,94,100,8.46,RU,2021-10-31 21:58:56
59,Bathsheba,13.2167,-59.5167,77.61,83,75,19.57,BB,2021-10-31 21:58:56
60,Busselton,-33.65,115.3333,53.1,63,93,18.37,AU,2021-10-31 21:58:57
61,El Real De Santa Maria,8.109,-77.7325,78.12,95,94,2.24,PA,2021-10-31 21:58:57
62,Soligalich,59.0778,42.2864,38.86,94,83,5.91,RU,2021-10-31 21:58:58
63,Arraial Do Cabo,-22.9661,-42.0278,71.56,94,90,9.22,BR,2021-10-31 21:56:52
64,Lahaina,20.8783,-156.6825,80.65,62,1,1.19,US,2021-10-31 21:58:58
65,Karratha,-20.7377,116.8463,71.98,64,0,6.22,AU,2021-10-31 21:58:59
66,Ushuaia,-54.8,-68.3,55.06,44,0,6.91,AR,2021-10-31 21:58:59
67,Khatanga,71.9667,102.5,5.72,96,100,11.12,RU,2021-10-31 21:58:59
68,Pevek,69.7008,170.3133,-0.09,96,100,4.94,RU,2021-10-31 21:59:00
69,Honiara,-9.4333,159.95,84.79,69,43,1.34,SB,2021-10-31 21:59:00
70,Buin,-33.7333,-70.75,71.92,36,100,7.09,CL,2021-10-31 21:59:01
71,Fairbanks,64.8378,-147.7164,43.14,50,100,9.48,US,2021-10-31 21:58:48
72,Kodiak,57.79,-152.4072,45.91,87,90,16.11,US,2021-10-31 21:59:01
73,Qingdao,36.0986,120.3719,44.2,100,0,8.95,CN,2021-10-31 21:59:02
74,Butaritari,3.0707,172.7902,81.54,77,35,9.69,KI,2021-10-31 21:59:02
75,Darnah,32.767,22.6367,67.19,78,100,16.35,LY,2021-10-31 21:59:03
76,New Norfolk,-42.7826,147.0587,56.91,56,100,1.01,AU,2021-10-31 21:59:03
77,Hermanus,-34.4187,19.2345,62.91,85,100,11.56,ZA,2021-10-31 21:59:04
78,Zhezkazgan,47.8043,67.7144,40.91,79,82,9.04,KZ,2021-10-31 21:59:04
79,Muros,42.7762,-9.0603,58.23,94,100,13.06,ES,2021-10-31 21:54:54
80,Gari,59.4307,62.3497,36.25,98,100,8.7,RU,2021-10-31 21:59:05
81,Touros,-5.1989,-35.4608,81.5,75,62,16.17,BR,2021-10-31 21:59:05
82,Vardo,70.3705,31.1107,35.58,87,75,21.85,NO,2021-10-31 21:59:06
83,Pisco,-13.7,-76.2167,68.05,68,0,23.02,PE,2021-10-31 21:59:06
84,Chifeng,42.2683,118.9636,37.15,79,83,4.38,CN,2021-10-31 21:59:07
85,Lagoa,39.05,-27.9833,69.19,89,100,3.96,PT,2021-10-31 21:59:07
86,Onega,63.9061,38.1404,40.96,95,100,3.8,RU,2021-10-31 21:59:07
87,Gizo,-8.103,156.8419,82.87,73,100,8.93,SB,2021-10-31 21:59:08
88,Kruisfontein,-34.0033,24.7314,61.88,71,74,5.01,ZA,2021-10-31 21:56:40
89,Akyab,20.15,92.9,76.71,84,60,4.94,MM,2021-10-31 21:59:08
90,Mossoro,-5.1875,-37.3442,82.35,74,20,19.57,BR,2021-10-31 21:59:09
91,Hobart,-42.8794,147.3294,57.25,63,75,3.0,AU,2021-10-31 21:59:09
92,Girua,-28.0283,-54.3497,73.89,76,57,6.35,BR,2021-10-31 21:59:10
93,Carutapera,-1.195,-46.02,77.38,90,52,6.06,BR,2021-10-31 22:00:10
94,Malacky,48.436,17.0219,54.3,68,19,16.26,SK,2021-10-31 22:00:11
95,Kavieng,-2.5744,150.7967,84.76,71,95,17.27,PG,2021-10-31 22:00:12
96,Chokurdakh,70.6333,147.9167,-10.52,99,99,5.93,RU,2021-10-31 22:00:13
97,Dagda,56.0951,27.5372,41.61,88,14,6.02,LV,2021-10-31 22:00:14
98,Avarua,-21.2078,-159.775,77.05,69,75,12.66,CK,2021-10-31 22:00:14
99,Bentiu,9.2333,29.8333,76.06,70,40,3.76,SS,2021-10-31 22:00:15
100,Ponta Do Sol,32.6667,-17.1,74.03,80,58,6.15,PT,2021-10-31 22:00:16
101,Esmeraldas,-19.7625,-44.3139,64.96,97,100,4.18,BR,2021-10-31 22:00:17
102,Kurumkan,54.3,110.3,23.79,83,29,3.96,RU,2021-10-31 22:00:17
103,Homun,20.7333,-89.2833,83.95,37,4,7.74,MX,2021-10-31 22:00:18
104,Vaini,-21.2,-175.2,75.67,78,2,17.16,TO,2021-10-31 22:00:19
105,Aragarcas,-15.8975,-52.2508,73.26,91,80,3.89,BR,2021-10-31 22:00:19
106,Aswan,24.0934,32.907,82.9,30,100,6.67,EG,2021-10-31 22:00:20
107,Harper,4.375,-7.7169,78.19,86,52,9.04,LR,2021-10-31 22:00:20
108,Thinadhoo,0.5333,72.9333,82.54,76,99,20.07,MV,2021-10-31 22:00:21
109,Severo-Yeniseyskiy,60.3725,93.0408,18.64,95,100,3.0,RU,2021-10-31 22:00:21
110,Kyshtovka,56.555,76.6271,20.21,88,100,4.25,RU,2021-10-31 22:00:22
111,Kieta,-6.2167,155.6333,82.9,72,92,2.44,PG,2021-10-31 22:00:22
112,Bulgan,48.8125,103.5347,31.57,54,100,2.35,MN,2021-10-31 22:00:23
113,Ewa Beach,21.3156,-158.0072,85.01,57,0,8.01,US,2021-10-31 22:00:24
114,Neuquen,-38.9516,-68.0591,62.35,34,99,15.75,AR,2021-10-31 22:00:24
115,Manaus,-3.1019,-60.025,80.94,72,96,0.6,BR,2021-10-31 22:00:25
116,San Policarpo,12.1791,125.5072,80.4,82,80,13.89,PH,2021-10-31 22:00:25
117,Tongren,27.7172,109.1853,58.19,94,100,3.47,CN,2021-10-31 22:00:25
118,Kaitangata,-46.2817,169.8464,57.06,46,77,8.43,NZ,2021-10-31 22:00:26
119,Mpulungu,-8.7623,31.1141,75.97,78,90,1.66,ZM,2021-10-31 22:00:26
120,Albania,41.0,20.0,45.79,61,0,4.23,AL,2021-10-31 21:58:51
121,Mitu,1.1983,-70.1733,75.04,97,100,2.26,CO,2021-10-31 22:00:27
122,Mahebourg,-20.4081,57.7,71.89,83,40,3.44,MU,2021-10-31 21:56:43
123,Caravelas,-17.7125,-39.2481,75.42,81,93,8.25,BR,2021-10-31 21:56:46
124,Herat,34.5,62.0,44.15,50,13,8.95,AF,2021-10-31 22:00:28
125,Opotiki,-38.0833,177.2833,66.38,54,100,4.05,NZ,2021-10-31 22:00:28
126,Kailua,21.4022,-157.7394,85.06,69,1,4.83,US,2021-10-31 22:00:28
127,Flin Flon,54.7682,-101.865,33.85,70,100,8.43,CA,2021-10-31 22:00:29
128,Estelle,29.8458,-90.1067,77.0,53,0,1.99,US,2021-10-31 22:00:29
129,Wanaka,-44.7,169.15,54.1,62,53,5.01,NZ,2021-10-31 21:59:39
130,Labuhan,-6.8844,112.2051,80.51,78,100,3.13,ID,2021-10-31 22:00:30
131,Maceio,-9.6658,-35.7353,78.24,88,0,8.05,BR,2021-10-31 22:00:30
132,Tiksi,71.6872,128.8694,16.38,79,100,12.46,RU,2021-10-31 22:00:31
133,Tilichiki,60.4667,166.1,-6.12,96,56,11.21,RU,2021-10-31 22:00:31
134,Mehamn,71.0357,27.8492,33.71,80,44,20.47,NO,2021-10-31 22:00:31
135,Nome,64.5011,-165.4064,16.16,85,86,5.91,US,2021-10-31 22:00:32
136,Dalton,34.7698,-84.9702,62.19,77,1,3.44,US,2021-10-31 22:00:32
137,Juneau,58.3019,-134.4197,44.83,83,99,4.16,US,2021-10-31 22:01:33
138,Maturin,9.75,-63.1767,76.21,82,100,6.13,VE,2021-10-31 22:01:33
139,Lasa,46.6166,10.7002,50.74,97,100,4.03,IT,2021-10-31 22:01:34
140,Taoudenni,22.6783,-3.9836,82.71,17,0,10.89,ML,2021-10-31 22:01:34
141,Hovd,48.0056,91.6419,37.26,41,100,13.8,MN,2021-10-31 22:01:34
142,Bayevo,53.2833,80.7667,25.9,86,95,10.45,RU,2021-10-31 22:01:35
143,Winnemucca,40.973,-117.7357,64.45,36,1,6.91,US,2021-10-31 22:01:35
144,Caernarfon,53.1413,-4.2702,51.67,42,90,37.98,GB,2021-10-31 22:01:36
145,Codrington,-38.2667,141.9667,53.2,80,8,4.68,AU,2021-10-31 22:01:36
146,Mogadishu,2.0371,45.3438,78.85,81,2,16.55,SO,2021-10-31 22:00:11
147,Dmanisi,41.5251,44.3472,38.14,86,94,2.33,GE,2021-10-31 22:01:37
148,Severo-Kurilsk,50.6789,156.125,34.11,64,99,27.25,RU,2021-10-31 22:01:37
149,Namatanai,-3.6667,152.4333,82.06,76,63,7.87,PG,2021-10-31 22:01:38
150,Beidao,34.5686,105.8933,48.16,86,100,3.98,CN,2021-10-31 22:01:38
151,Bambous Virieux,-20.3428,57.7575,71.85,83,40,3.44,MU,2021-10-31 21:56:47
152,San Patricio,28.017,-97.5169,86.09,40,0,13.09,US,2021-10-31 22:01:38
153,Apiai,-24.5094,-48.8425,58.42,100,100,2.28,BR,2021-10-31 22:00:04
154,Concordia,-31.393,-58.0209,87.87,48,75,8.05,AR,2021-10-31 21:56:56
155,Indiaroba,-11.5192,-37.5117,74.71,87,80,4.74,BR,2021-10-31 22:01:39
156,Tammisaari,59.9736,23.4339,50.11,95,42,7.25,FI,2021-10-31 22:01:40
157,Provideniya,64.3833,-173.3,19.51,63,0,13.42,RU,2021-10-31 21:56:51
158,Thompson,55.7435,-97.8558,33.96,75,75,12.66,CA,2021-10-31 21:59:41
159,Shillong,25.5689,91.8831,52.83,78,0,2.06,IN,2021-10-31 22:01:41
160,Lyngseidet,69.5763,20.2189,41.47,90,98,15.9,NO,2021-10-31 22:01:41
161,Sydney,-33.8679,151.2073,67.32,71,75,1.99,AU,2021-10-31 21:59:23
162,Nikolskoye,59.7035,30.7861,48.02,85,100,7.56,RU,2021-10-31 21:59:42
163,Faanui,-16.4833,-151.75,78.73,71,99,15.57,PF,2021-10-31 22:01:42
164,Sibiti,-3.6819,13.3499,69.46,97,95,2.62,CG,2021-10-31 22:01:42
165,Mount Gambier,-37.8333,140.7667,54.18,70,7,3.69,AU,2021-10-31 22:00:14
166,Filingue,14.3521,3.3168,88.59,14,68,8.66,NE,2021-10-31 22:01:43
167,Bredasdorp,-34.5322,20.0403,57.27,74,100,10.42,ZA,2021-10-31 21:59:47
168,Klaksvik,62.2266,-6.589,41.92,64,100,1.19,FO,2021-10-31 22:01:43
169,Haimen,23.1935,116.6142,69.78,75,19,14.18,CN,2021-10-31 22:01:44
170,Solwezi,-12.1688,26.3894,66.88,79,92,4.65,ZM,2021-10-31 22:00:49
171,Inongo,-1.95,18.2667,71.06,94,90,3.76,CD,2021-10-31 22:01:44
172,Isangel,-19.55,169.2667,78.8,71,57,8.81,VU,2021-10-31 22:01:45
173,Galveston,29.3669,-94.9669,82.22,49,1,1.99,US,2021-10-31 22:01:46
174,Zhuhai,22.2769,113.5678,76.05,83,40,8.05,CN,2021-10-31 22:01:46
175,Nortelandia,-14.4547,-56.8028,76.98,82,99,0.43,BR,2021-10-31 22:01:46
176,Oktyabrskiy,54.4815,53.471,43.7,83,66,9.15,RU,2021-10-31 22:01:47
177,Airai,-8.9266,125.4092,61.77,76,76,1.61,TL,2021-10-31 22:01:47
178,Zeya,53.75,127.2667,23.13,54,89,3.62,RU,2021-10-31 22:01:47
179,Ribeira Grande,38.5167,-28.7,70.81,90,100,8.48,PT,2021-10-31 22:01:48
180,Honningsvag,70.9821,25.9704,36.52,75,59,18.39,NO,2021-10-31 22:01:48
181,Riyadh,24.6877,46.7219,68.14,26,0,5.46,SA,2021-10-31 22:02:49
182,Mahibadhoo,3.7833,72.9667,82.94,75,25,20.15,MV,2021-10-31 22:02:49
183,Moryakovskiy Zaton,56.6956,84.6467,24.03,81,100,10.2,RU,2021-10-31 22:02:50
184,Tuktoyaktuk,69.4541,-133.0374,26.55,79,100,12.21,CA,2021-10-31 22:02:50
185,Yulara,-25.2406,130.9889,67.08,62,99,5.79,AU,2021-10-31 22:02:19
186,Bandarbeyla,9.4942,50.8122,78.46,78,30,12.66,SO,2021-10-31 22:00:51
187,Nantucket,41.2835,-70.0995,60.1,83,76,23.15,US,2021-10-31 21:55:30
188,Puerto Ayora,-0.7393,-90.3518,71.78,81,39,8.75,EC,2021-10-31 22:02:51
189,Baykit,61.67,96.37,19.04,97,100,2.48,RU,2021-10-31 22:02:51
190,San Cristobal,7.7669,-72.225,69.73,97,62,1.81,VE,2021-10-31 22:02:52
191,Upernavik,72.7868,-56.1549,29.95,97,100,16.11,GL,2021-10-31 21:56:49
192,Puerto Rondon,6.2805,-71.1,79.61,85,77,3.2,CO,2021-10-31 22:02:52
193,Colares,38.7992,-9.4469,69.3,85,95,5.99,PT,2021-10-31 22:02:53
194,Vanavara,60.34,102.2797,22.95,70,100,4.65,RU,2021-10-31 22:01:16
195,Saint-Philippe,-21.3585,55.7679,69.39,84,36,10.22,RE,2021-10-31 22:02:53
196,Pacific Grove,36.6177,-121.9166,69.3,74,100,5.99,US,2021-10-31 21:56:44
197,Fortuna,40.5982,-124.1573,67.93,62,1,5.99,US,2021-10-31 22:02:54
198,Calama,-22.4667,-68.9333,69.71,11,0,15.57,CL,2021-10-31 22:00:16
199,Lebu,-37.6167,-73.65,56.19,80,93,8.37,CL,2021-10-31 22:02:54
200,Lata,40.1629,-8.3327,64.92,98,100,6.17,PT,2021-10-31 22:02:55
201,Clyde River,70.4692,-68.5914,16.36,86,100,6.85,CA,2021-10-31 22:02:55
202,Westport,41.1415,-73.3579,64.09,72,55,3.0,US,2021-10-31 21:59:45
203,Ancud,-41.8697,-73.8203,57.96,67,68,7.43,CL,2021-10-31 22:01:38
204,Mwense,-10.3845,28.698,71.2,80,73,3.24,ZM,2021-10-31 22:02:56
205,Buchanan,5.8808,-10.0467,78.76,88,93,6.29,LR,2021-10-31 22:02:57
206,Rongcheng,30.634,117.8517,56.84,80,100,2.08,CN,2021-10-31 22:02:57
207,Middelburg,-25.7751,29.4648,64.99,36,0,1.72,ZA,2021-10-31 22:00:56
208,Krasnyy Chikoy,50.3643,108.7512,27.39,79,96,3.85,RU,2021-10-31 22:02:57
209,Vila Velha,-20.3297,-40.2925,72.0,92,100,9.75,BR,2021-10-31 22:02:58
210,Road Town,18.4167,-64.6167,81.0,68,5,10.74,VG,2021-10-31 22:02:58
211,Port Hedland,-20.3167,118.5667,71.65,83,75,3.44,AU,2021-10-31 22:01:01
212,Alice Springs,-23.7,133.8833,62.15,82,29,4.61,AU,2021-10-31 22:02:59
213,Raga,8.4596,25.678,76.46,64,37,2.39,SS,2021-10-31 22:02:59
214,Plettenberg Bay,-34.0527,23.3716,63.54,85,95,9.73,ZA,2021-10-31 22:03:00
215,Melbu,68.5044,14.8297,47.32,81,75,16.11,NO,2021-10-31 22:03:00
216,Verkhnevilyuysk,63.4453,120.3167,12.04,91,77,6.33,RU,2021-10-31 22:03:01
217,Kropotkin,45.4375,40.5756,47.84,90,34,9.69,RU,2021-10-31 22:03:01
218,Kuna,43.4918,-116.4201,59.41,59,1,1.01,US,2021-10-31 22:03:02
219,Mar Del Plata,-38.0023,-57.5575,56.08,89,100,1.01,AR,2021-10-31 22:00:06
220,Leningradskiy,69.3833,178.4167,-1.28,88,99,11.63,RU,2021-10-31 21:56:37
221,Narsaq,60.9167,-46.05,26.42,68,69,7.11,GL,2021-10-31 21:56:39
222,Grafton,42.207,-71.6856,60.78,76,35,1.01,US,2021-10-31 21:59:38
223,Saldanha,-33.0117,17.9442,62.28,82,98,9.22,ZA,2021-10-31 22:03:04
224,Baoning,25.3378,110.026,61.61,98,100,3.0,CN,2021-10-31 22:03:04
225,Ilulissat,69.2167,-51.1,33.82,86,75,14.97,GL,2021-10-31 22:03:04
226,Comodoro Rivadavia,-45.8667,-67.5,48.06,71,75,14.97,AR,2021-10-31 22:04:05
227,Parana,-31.732,-60.5238,87.57,43,98,9.4,AR,2021-10-31 22:01:01
228,Aklavik,68.2191,-135.0107,24.67,84,100,12.68,CA,2021-10-31 22:04:05
229,Cherskiy,68.75,161.3,-2.13,99,100,5.35,RU,2021-10-31 21:59:40
230,Dongsheng,39.8161,109.9776,32.68,49,0,5.23,CN,2021-10-31 22:04:06
231,Grand Gaube,-20.0064,57.6608,72.0,81,9,4.0,MU,2021-10-31 22:04:06
232,Kumluca,36.3703,30.2869,65.23,79,100,4.27,TR,2021-10-31 22:04:07
233,Loudeac,48.1783,-2.7543,51.48,86,90,14.67,FR,2021-10-31 22:04:07
234,Karpathos,35.507,27.2132,64.36,94,100,9.22,GR,2021-10-31 22:04:08
235,Korla,41.7597,86.1469,47.08,27,9,5.84,CN,2021-10-31 22:04:08
236,Beisfjord,68.3751,17.5988,46.45,88,100,10.22,NO,2021-10-31 22:04:08
237,Mpanda,-6.3655,31.0409,71.02,76,99,4.88,TZ,2021-10-31 22:04:09
238,Avera,33.194,-82.5271,68.72,58,16,7.16,US,2021-10-31 22:04:09
239,Rawson,-43.3002,-65.1023,49.55,65,97,12.21,AR,2021-10-31 22:04:10
240,Huilong,31.8111,121.655,63.03,68,97,2.28,CN,2021-10-31 22:04:10
241,Birin,26.8865,88.0718,50.29,79,4,4.79,NP,2021-10-31 22:04:10
242,Talara,-4.5772,-81.2719,67.5,78,49,8.32,PE,2021-10-31 22:04:11
243,Carnarvon,-24.8667,113.6333,66.27,72,75,18.41,AU,2021-10-31 22:04:11
244,Bilibino,68.0546,166.4372,-23.91,100,100,2.15,RU,2021-10-31 22:04:12
245,Alexandria,31.2156,29.9553,72.84,70,93,6.24,EG,2021-10-31 22:00:04
246,Ikungi,-5.1333,34.7667,70.09,58,93,7.47,TZ,2021-10-31 22:04:12
247,Yerbogachen,61.2767,108.0108,18.86,83,100,4.27,RU,2021-10-31 22:04:13
248,Kavaratti,10.5669,72.642,81.1,79,99,5.19,IN,2021-10-31 22:04:13
249,Bagdarin,54.4333,113.6,22.57,83,11,1.5,RU,2021-10-31 22:04:14
250,Usinsk,65.9939,57.5281,4.82,86,23,10.78,RU,2021-10-31 22:04:14
251,Berlevag,70.8578,29.0864,33.8,80,40,3.44,NO,2021-10-31 22:04:14
252,Barcelos,41.5388,-8.6151,60.94,97,100,4.99,PT,2021-10-31 21:59:23
253,Port Elizabeth,-33.918,25.5701,64.09,83,49,8.79,ZA,2021-10-31 22:04:15
254,Vestmanna,62.1564,-7.1664,40.12,93,75,2.3,FO,2021-10-31 22:04:15
255,Pictou,45.6834,-62.7153,57.58,92,100,25.84,CA,2021-10-31 22:04:16
256,Manzanillo,20.3433,-77.1167,79.99,78,90,3.67,CU,2021-10-31 22:04:16
257,Huarmey,-10.0681,-78.1522,67.78,74,14,9.57,PE,2021-10-31 22:04:17
258,Snasa,64.2457,12.3778,42.64,90,82,3.47,NO,2021-10-31 22:04:17
259,Esperance,-33.8667,121.9,67.19,51,100,14.92,AU,2021-10-31 22:04:17
260,Chapais,49.7834,-74.8492,41.43,98,100,3.15,CA,2021-10-31 22:04:18
261,Lander,42.833,-108.7307,36.41,82,90,0.0,US,2021-10-31 22:04:18
262,Wewak,-3.5534,143.6268,79.63,84,100,2.62,PG,2021-10-31 22:04:18
263,Norman Wells,65.282,-126.8329,24.91,78,99,6.13,CA,2021-10-31 22:04:19
264,Chiautempan,19.3167,-98.1833,69.06,54,62,3.71,MX,2021-10-31 22:04:19
265,Pasni,25.2631,63.471,80.94,34,0,14.88,PK,2021-10-31 22:04:20
266,Rockland,41.1668,-74.0496,62.89,84,60,6.62,US,2021-10-31 22:00:07
267,Sao Filipe,14.8961,-24.4956,79.74,75,96,8.16,CV,2021-10-31 21:56:41
268,Vila Franca Do Campo,37.7167,-25.4333,72.19,94,100,9.75,PT,2021-10-31 22:04:20
269,Chara,56.9064,118.2631,20.28,74,85,1.52,RU,2021-10-31 22:04:21
270,Magistralnyy,56.1725,107.4458,28.89,95,99,4.25,RU,2021-10-31 22:04:21
271,Santa Ana,33.7456,-117.8678,76.57,64,75,1.01,US,2021-10-31 22:04:14
272,Puerto Madero,14.7208,-92.4215,84.4,79,75,5.75,MX,2021-10-31 22:04:22
273,Ballyshannon,54.5,-8.1833,46.62,87,95,24.2,IE,2021-10-31 22:04:22
274,Praia,14.9215,-23.5087,77.54,94,75,10.36,CV,2021-10-31 22:02:34
275,Waingapu,-9.6567,120.2641,80.29,83,90,3.22,ID,2021-10-31 22:04:23
276,College,64.8569,-147.8028,46.35,47,75,14.97,US,2021-10-31 22:05:23
277,Sur,22.5667,59.5289,81.57,61,0,10.98,OM,2021-10-31 21:56:52
278,Chor,25.5167,69.7667,75.2,43,33,9.64,PK,2021-10-31 22:05:24
279,Phuket,8.0,98.25,82.09,94,20,3.44,TH,2021-10-31 22:05:24
280,Lavrentiya,65.5833,-171.0,13.06,81,5,12.06,RU,2021-10-31 22:05:25
281,Talcahuano,-36.7167,-73.1167,58.68,77,20,9.22,CL,2021-10-31 22:05:05
282,Saskylakh,71.9167,114.0833,9.01,96,98,6.06,RU,2021-10-31 22:05:26
283,Noumea,-22.2763,166.4572,76.98,99,29,7.67,NC,2021-10-31 22:00:43
284,Lompoc,34.6391,-120.4579,73.02,62,1,14.97,US,2021-10-31 22:05:26
285,Mbuji-Mayi,-6.15,23.6,69.76,95,100,2.59,CD,2021-10-31 22:05:27
286,Husavik,66.0449,-17.3389,35.22,99,100,21.47,IS,2021-10-31 22:05:27
287,Hofn,64.2539,-15.2082,39.47,59,100,22.57,IS,2021-10-31 22:05:28
288,Mawlaik,23.6333,94.4167,68.67,99,27,1.41,MM,2021-10-31 22:05:28
289,Beringovskiy,63.05,179.3167,6.76,91,98,12.88,RU,2021-10-31 22:05:29
290,Paamiut,61.994,-49.6678,31.91,80,95,7.76,GL,2021-10-31 22:05:29
291,Saint Simons,31.1352,-81.3901,69.03,55,1,6.91,US,2021-10-31 22:05:29
292,Luanda,-8.8368,13.2343,75.7,77,45,10.92,AO,2021-10-31 22:01:24
293,Nhulunbuy,-12.2333,136.7667,81.21,89,89,4.61,AU,2021-10-31 22:01:20
294,Denizli,37.8402,29.0698,61.65,80,100,1.66,TR,2021-10-31 22:05:30
295,Ahja,58.2091,27.0734,50.18,81,66,8.19,EE,2021-10-31 22:05:30
296,Bengkulu,-3.8004,102.2655,76.17,88,100,4.38,ID,2021-10-31 22:05:31
297,Qaanaaq,77.484,-69.3632,12.4,69,100,8.86,GL,2021-10-31 22:05:31
298,Belyy Yar,53.6039,91.3903,35.85,71,0,13.42,RU,2021-10-31 22:05:32
299,Castro,-24.7911,-50.0119,59.22,98,97,5.48,BR,2021-10-31 22:05:32
300,Goroka,-6.0834,145.3873,66.2,84,100,2.01,PG,2021-10-31 22:05:32
301,Hami,42.8,93.45,48.34,48,100,2.39,CN,2021-10-31 22:05:33
302,Kisangani,0.5167,25.2,70.72,100,100,2.26,CD,2021-10-31 22:05:33
303,Nichlaul,27.3167,83.7333,64.4,74,0,3.74,IN,2021-10-31 22:05:34
304,Puerto Leguizamo,-0.1934,-74.7819,78.96,82,93,0.34,CO,2021-10-31 22:05:34
305,Helong,42.5397,128.9972,42.21,95,100,4.56,CN,2021-10-31 22:05:35
306,Christchurch,-43.5333,172.6333,61.32,58,47,4.0,NZ,2021-10-31 22:05:35
307,Khandyga,62.6667,135.6,2.75,86,100,4.03,RU,2021-10-31 22:05:35
308,Zima,53.9202,102.0442,29.71,89,85,7.18,RU,2021-10-31 22:05:36
309,Vanimo,-2.6741,141.3028,79.16,86,100,3.29,PG,2021-10-31 22:05:37
310,Verkhnedneprovskiy,54.9813,33.3457,38.73,86,4,7.38,RU,2021-10-31 22:05:37
311,Gladstone,-23.85,151.25,74.79,60,40,13.8,AU,2021-10-31 22:05:37
312,Belmonte,-15.8631,-38.8828,77.5,84,43,8.41,BR,2021-10-31 22:05:38
313,Prainha,-1.8,-53.48,82.24,66,81,2.1,BR,2021-10-31 22:05:38
314,Coruripe,-10.1256,-36.1756,77.5,77,70,11.18,BR,2021-10-31 22:05:39
315,Santa Cruz,-17.8,-63.1667,88.18,44,52,0.74,BO,2021-10-31 22:02:09
316,Leua,48.2156,18.6071,47.1,72,0,8.59,SK,2021-10-31 22:05:39
317,Tiarei,-17.5333,-149.3333,82.42,73,63,14.23,PF,2021-10-31 22:05:39
318,Margate,51.3813,1.3862,53.31,76,0,3.0,GB,2021-10-31 22:06:40
319,Laguna,38.421,-121.4238,70.05,60,1,1.99,US,2021-10-31 22:04:08
320,Aktash,50.3,87.7333,20.25,63,90,8.46,RU,2021-10-31 22:06:41
321,Nieuwpoort,51.1244,2.7735,51.1,87,20,8.05,BE,2021-10-31 22:06:41
322,Xinmin,41.9908,122.8253,35.11,50,0,7.36,CN,2021-10-31 22:06:41
323,Menongue,-14.6585,17.691,64.6,84,94,8.16,AO,2021-10-31 22:06:42
324,Hasaki,35.7333,140.8333,57.6,83,100,9.33,JP,2021-10-31 22:04:45
325,Lakes Entrance,-37.8811,147.981,62.17,60,40,1.48,AU,2021-10-31 22:06:42
326,Denpasar,-8.65,115.2167,78.46,88,75,4.61,ID,2021-10-31 22:06:43
327,Fare,-16.7,-151.0167,78.37,74,97,15.17,PF,2021-10-31 22:06:43
328,Clearwater,27.9659,-82.8001,72.91,75,75,8.01,US,2021-10-31 22:06:44
329,Panaba,21.2833,-88.2667,79.16,51,24,12.39,MX,2021-10-31 22:06:44
330,Kabompo,-13.5927,24.2008,66.51,82,92,4.43,ZM,2021-10-31 22:06:45
331,Ambon,-3.6954,128.1814,75.34,94,20,8.05,ID,2021-10-31 22:06:45
332,Katsuura,35.1333,140.3,61.2,86,89,6.89,JP,2021-10-31 22:06:45
333,Kahuta,33.5913,73.3868,56.84,40,15,6.91,PK,2021-10-31 22:06:46
334,Stege,54.987,12.2846,55.09,76,100,28.14,DK,2021-10-31 22:06:46
335,Homer,59.6425,-151.5483,48.78,73,75,9.22,US,2021-10-31 22:06:47
336,Port Lincoln,-34.7333,135.8667,63.72,48,0,9.31,AU,2021-10-31 22:06:47
337,Waipawa,-41.4122,175.5153,57.45,66,91,2.68,NZ,2021-10-31 22:06:47
338,Sitka,57.0531,-135.33,53.49,37,75,11.5,US,2021-10-31 22:06:48
339,Coihaique,-45.5752,-72.0662,71.55,28,0,0.0,CL,2021-10-31 22:06:48
340,Kipushi,-11.7667,27.2333,66.54,74,96,3.76,CD,2021-10-31 22:06:48
341,Yablonovo,50.8523,37.3574,39.06,60,0,5.97,RU,2021-10-31 22:06:49
342,Ucluelet,48.9329,-125.5528,56.08,67,0,3.0,CA,2021-10-31 22:04:06
343,Richards Bay,-28.783,32.0377,64.17,89,1,5.12,ZA,2021-10-31 22:06:49
344,Kasempa,-13.4584,25.8338,69.28,56,53,5.46,ZM,2021-10-31 22:06:50
345,Beyneu,45.3167,55.2,48.85,65,0,6.67,KZ,2021-10-31 22:03:50
346,Saint-Augustin,51.226,-58.6502,45.01,67,97,5.21,CA,2021-10-31 22:06:51
347,Dingle,10.9995,122.6711,75.04,91,95,7.58,PH,2021-10-31 22:06:51
348,Los Llanos De Aridane,28.6585,-17.9182,66.13,73,0,1.01,ES,2021-10-31 22:02:18
349,Kamenka,51.3223,42.7678,41.74,70,1,6.17,RU,2021-10-31 22:06:52
350,Cayenne,4.9333,-52.3333,83.08,79,96,1.99,GF,2021-10-31 22:06:52
351,Petropavlovsk-Kamchatskiy,53.0452,158.6483,23.59,68,40,2.24,RU,2021-10-31 22:06:52
352,Sinnamary,5.3833,-52.95,78.31,85,68,8.23,GF,2021-10-31 22:06:53
353,Auki,-8.7676,160.7034,81.18,79,81,4.29,SB,2021-10-31 22:06:53
354,Coquimbo,-29.9533,-71.3436,60.53,72,75,11.5,CL,2021-10-31 22:06:54
355,Batemans Bay,-35.7167,150.1833,70.2,55,75,0.81,AU,2021-10-31 22:06:54
356,Tura,25.5198,90.2201,60.39,72,0,3.11,IN,2021-10-31 22:05:00
357,Cedar Rapids,42.0083,-91.6441,51.12,47,1,8.01,US,2021-10-31 22:06:55
358,Verkhnyaya Toyma,62.2349,44.9985,38.59,99,100,1.95,RU,2021-10-31 22:06:55
359,Beloha,-25.1667,45.05,72.03,76,97,4.07,MG,2021-10-31 22:06:55
360,Puerto Del Rosario,28.5004,-13.8627,71.35,83,75,11.5,ES,2021-10-31 22:06:56
361,Beaufort,5.3473,115.7455,73.63,94,91,3.2,MY,2021-10-31 22:06:56
362,Micheweni,-4.9667,39.8333,78.55,84,9,9.71,TZ,2021-10-31 22:06:57
363,Portland,45.5234,-122.6762,64.98,40,20,3.0,US,2021-10-31 22:05:52
364,Victoria,22.2855,114.1577,76.32,83,89,1.99,HK,2021-10-31 22:07:57
365,Maposeni,-10.5833,35.4,71.13,64,23,7.85,TZ,2021-10-31 22:07:58
366,Monrovia,6.3005,-10.7969,78.57,88,97,4.7,LR,2021-10-31 22:07:58
367,Camalu,30.85,-116.0667,70.43,64,1,9.84,MX,2021-10-31 22:07:59
368,Burnie,-41.0667,145.9167,56.21,59,92,9.46,AU,2021-10-31 22:07:59
369,Varhaug,58.6147,5.6457,54.9,81,100,38.05,NO,2021-10-31 22:07:59
370,Mao,39.8885,4.2658,68.56,94,0,5.75,ES,2021-10-31 22:08:00
371,Nisia Floresta,-6.0911,-35.2086,81.41,78,59,11.72,BR,2021-10-31 22:08:00
372,Guarare,7.8167,-80.2833,80.17,80,95,3.33,PA,2021-10-31 22:08:01
373,Morristown,36.214,-83.2949,59.22,68,90,5.75,US,2021-10-31 22:08:01
374,Faya,18.3851,42.4509,57.72,52,3,5.08,SA,2021-10-31 22:08:01
375,Ballina,-28.8667,153.5667,68.18,83,100,6.49,AU,2021-10-31 22:08:02
376,Porto Torres,40.835,8.3972,66.38,91,97,5.97,IT,2021-10-31 22:08:02
377,Ponta Delgada,37.7333,-25.6667,72.5,88,75,8.05,PT,2021-10-31 22:08:03
378,Dharampuri,22.1667,75.35,66.87,52,15,4.34,IN,2021-10-31 22:08:03
379,San Quintin,30.4833,-115.95,67.14,68,0,11.95,MX,2021-10-31 22:03:44
380,Royan,45.6285,-1.0281,57.18,71,48,15.3,FR,2021-10-31 22:08:04
381,Hoi An,15.8794,108.335,76.96,89,70,2.95,VN,2021-10-31 22:08:04
382,Jasper,37.2001,-94.3502,60.53,49,20,4.0,US,2021-10-31 22:07:15
383,Biak,-0.9131,122.8766,76.44,82,87,1.32,ID,2021-10-31 22:08:05
384,Medea,36.2642,2.7539,63.05,86,64,4.72,DZ,2021-10-31 22:08:05
385,Hearst,49.6835,-83.6665,35.69,91,100,11.81,CA,2021-10-31 22:08:06
386,Mount Isa,-20.7333,139.5,78.57,24,13,5.75,AU,2021-10-31 22:08:06
387,Arua,3.0201,30.9111,64.62,86,52,3.85,UG,2021-10-31 22:08:06
388,Promissao,-21.5367,-49.8581,67.08,93,81,7.63,BR,2021-10-31 22:03:36
389,Puerto Escondido,15.85,-97.0667,86.83,66,40,5.75,MX,2021-10-31 22:08:07
390,Marzuq,14.4,46.4667,68.79,57,5,0.96,YE,2021-10-31 22:08:08
391,Kholodnyy,62.7167,147.95,-19.61,98,83,1.1,RU,2021-10-31 22:08:08
392,Carnduff,49.1667,-101.8009,35.38,43,96,15.41,CA,2021-10-31 22:08:08
393,Lakhdenpokhya,61.5198,30.1992,45.82,91,100,7.56,RU,2021-10-31 22:08:09
394,Dakar,14.6937,-17.4441,81.48,76,100,13.76,SN,2021-10-31 22:08:09
395,Manokwari,-0.8667,134.0833,78.84,85,99,9.22,ID,2021-10-31 22:08:10
396,Diamantino,-14.4086,-56.4461,76.21,85,92,1.45,BR,2021-10-31 22:07:52
397,Soyo,-6.1349,12.3689,77.49,86,65,8.01,AO,2021-10-31 22:08:10
398,Northam,51.0333,-4.2167,53.65,71,46,28.36,GB,2021-10-31 22:08:11
399,Lagunas,-5.2269,-75.6753,88.12,57,75,2.42,PE,2021-10-31 22:08:11
400,Katangli,51.7102,143.2326,24.62,75,11,7.38,RU,2021-10-31 22:08:12
401,Orsha,54.5153,30.4053,39.78,75,0,9.78,BY,2021-10-31 22:08:12
402,Rudnogorsk,57.2639,103.7519,27.73,94,100,2.62,RU,2021-10-31 22:08:13
403,Bria,6.5423,21.9863,71.06,88,60,0.16,CF,2021-10-31 22:08:13
404,Frystak,49.2852,17.6835,53.2,73,7,3.0,CZ,2021-10-31 22:08:13
405,Sechura,-5.5569,-80.8222,71.65,63,22,13.94,PE,2021-10-31 22:08:14
406,Sao Joao Da Barra,-21.6403,-41.0511,71.6,91,100,13.82,BR,2021-10-31 22:09:14
407,Bucerias,20.75,-105.3333,85.98,78,0,7.11,MX,2021-10-31 22:08:50
408,Itarema,-2.9248,-39.9167,80.33,78,38,12.57,BR,2021-10-31 22:09:15
409,Rabo De Peixe,37.8,-25.5833,71.28,93,75,8.05,PT,2021-10-31 22:09:15
410,Demidov,55.2706,31.515,40.15,77,1,7.07,RU,2021-10-31 22:09:16
411,Ada,43.4166,-116.1262,57.67,62,90,1.99,US,2021-10-31 22:09:16
412,Singuilucan,19.9667,-98.5167,62.6,33,89,10.04,MX,2021-10-31 22:09:16
413,Bahia Honda,22.9036,-83.1592,77.88,68,84,8.16,CU,2021-10-31 22:09:17
414,Shetpe,44.1667,52.1167,47.41,49,6,9.01,KZ,2021-10-31 22:09:17
415,Paka,4.6374,103.4368,77.81,89,94,4.97,MY,2021-10-31 22:09:18
416,Gilbues,-9.8317,-45.3439,84.7,37,97,3.2,BR,2021-10-31 22:09:18
417,Mazara Del Vallo,37.6641,12.588,64.36,98,100,17.67,IT,2021-10-31 22:09:19
418,Ulcinj,41.9294,19.2244,46.62,69,0,4.14,ME,2021-10-31 22:09:19
419,Boras,57.721,12.9401,50.54,94,100,11.32,SE,2021-10-31 22:09:20
420,Axim,4.8699,-2.2405,78.67,88,100,10.71,GH,2021-10-31 22:09:20
421,Trinidad,-14.8333,-64.9,96.78,44,82,6.91,BO,2021-10-31 22:09:21
422,Duzce,40.8389,31.1639,57.83,72,97,3.42,TR,2021-10-31 22:08:20
423,Varkkallai,8.7341,76.7067,76.78,88,100,3.29,IN,2021-10-31 22:09:21
424,Puro,12.4841,123.3827,79.39,82,21,10.6,PH,2021-10-31 22:09:22
425,Bjornevatn,69.6672,29.9847,29.82,93,90,9.22,NO,2021-10-31 22:09:22
426,Chingirlau,51.095,54.0814,41.52,85,28,9.57,KZ,2021-10-31 22:09:22
427,Ondjiva,-17.0667,15.7333,77.83,13,65,14.18,AO,2021-10-31 22:09:23
428,Olafsvik,64.8945,-23.7142,35.04,70,37,17.38,IS,2021-10-31 22:09:23
429,Komsomolskiy,40.4272,71.7189,44.02,60,1,1.19,UZ,2021-10-31 22:09:24
430,Sambava,-14.2667,50.1667,73.06,91,22,5.53,MG,2021-10-31 22:09:24
431,Providencia,28.7167,-111.5833,91.47,39,81,10.0,MX,2021-10-31 22:09:24
432,Peniche,39.3558,-9.3811,71.62,95,98,19.55,PT,2021-10-31 22:09:25
433,Bereda,43.2686,-7.5406,55.42,95,100,6.51,ES,2021-10-31 22:09:25
434,Edzell,56.8095,-2.6549,45.01,94,38,3.89,GB,2021-10-31 22:09:26
435,Baruun-Urt,46.6806,113.2792,23.68,28,15,8.12,MN,2021-10-31 22:09:26
436,Souillac,-20.5167,57.5167,71.98,83,40,3.44,MU,2021-10-31 22:09:26
437,Port Augusta,-32.5,137.7667,68.7,18,99,5.41,AU,2021-10-31 22:09:27
438,Lingao,19.9103,109.6859,74.07,93,57,9.71,CN,2021-10-31 22:09:27
439,Tual,-5.6667,132.75,84.09,72,99,10.27,ID,2021-10-31 22:09:27
440,Bilma,18.6853,12.9164,80.26,22,1,9.98,NE,2021-10-31 22:09:28
441,Ust-Tsilma,65.441,52.1498,11.39,98,86,4.23,RU,2021-10-31 22:09:28
442,Biscarrosse,44.3945,-1.1672,60.66,82,75,5.75,FR,2021-10-31 22:09:29
443,Gwadar,25.1216,62.3254,82.4,32,3,17.96,PK,2021-10-31 22:09:29
444,Alghero,40.5589,8.3181,66.29,94,40,3.44,IT,2021-10-31 22:09:29
445,Guanare,9.0418,-69.7421,77.45,89,74,3.27,VE,2021-10-31 22:09:30
446,Tuatapere,-46.1333,167.6833,56.73,61,83,9.57,NZ,2021-10-31 22:09:30
447,Tessalit,20.1986,1.0114,84.02,14,15,5.3,ML,2021-10-31 22:09:31
448,Rivadavia,-33.1905,-68.4608,56.12,58,100,15.12,AR,2021-10-31 22:09:31
449,Cairns,-16.9167,145.7667,85.06,83,90,8.05,AU,2021-10-31 22:07:29
450,Sistranda,63.7256,8.834,47.89,74,61,22.5,NO,2021-10-31 22:10:32
451,Bowen,-20.0167,148.2333,81.18,70,14,20.13,AU,2021-10-31 22:08:45
452,Marfino,55.7028,37.3822,41.14,88,28,11.18,RU,2021-10-31 22:10:32
453,Mutoko,-17.397,32.2268,69.04,51,51,6.11,ZW,2021-10-31 22:10:33
454,Iralaya,15.0,-83.2333,82.49,71,97,13.67,HN,2021-10-31 22:10:33
455,Syrskoye,52.5744,39.4966,41.56,76,5,6.51,RU,2021-10-31 22:10:33
456,Bhatkal,13.9667,74.5667,77.92,81,77,5.19,IN,2021-10-31 22:10:34
457,Mitsamiouli,-11.3847,43.2844,78.53,79,10,10.67,KM,2021-10-31 22:10:34
458,Tateyama,34.9833,139.8667,61.11,88,83,10.83,JP,2021-10-31 22:10:35
459,Burns Lake,54.2331,-125.7533,40.01,36,9,3.13,CA,2021-10-31 22:10:35
460,Kambove,-10.8764,26.5969,65.44,86,96,3.44,CD,2021-10-31 22:07:09
461,Kibaha,-6.7667,38.9167,74.01,82,7,3.69,TZ,2021-10-31 22:10:36
462,Pandan,14.0453,124.1694,80.51,72,73,11.45,PH,2021-10-31 22:10:36
463,Madang,-5.2246,145.7966,79.16,88,100,3.65,PG,2021-10-31 22:10:37
464,Pavlovka,52.6897,47.1405,41.92,83,7,7.96,RU,2021-10-31 22:10:37
465,Inhambane,-23.865,35.3833,70.0,81,29,3.15,MZ,2021-10-31 22:10:37
466,Lethem,3.3803,-59.7968,81.39,67,98,5.46,GY,2021-10-31 22:10:38
467,Klyuchi,52.2667,79.1667,27.75,77,85,8.88,RU,2021-10-31 22:10:38
468,Launceston,-41.45,147.1667,56.61,74,27,5.99,AU,2021-10-31 22:10:39
469,Aras,42.5617,-2.356,55.81,97,40,2.3,ES,2021-10-31 22:10:39
470,Gorom-Gorom,14.4439,-0.2361,88.77,13,81,9.71,BF,2021-10-31 22:10:39
471,Vuktyl,63.8567,57.3094,15.1,94,95,5.17,RU,2021-10-31 22:10:40
472,Aykhal,66.0,111.5,6.51,93,100,21.54,RU,2021-10-31 22:10:40
473,Naryan-Mar,67.6713,53.087,8.78,90,5,7.74,RU,2021-10-31 22:10:40
474,Ayan,56.45,138.1667,21.36,48,4,5.3,RU,2021-10-31 22:10:41
475,Lima,-12.0432,-77.0282,64.38,44,75,1.01,PE,2021-10-31 22:06:57
476,Saint-Joseph,-21.3667,55.6167,68.38,84,17,9.91,RE,2021-10-31 22:10:41
477,Zhigansk,66.7697,123.3711,0.46,96,54,10.51,RU,2021-10-31 22:10:42
478,Oskaloosa,41.2964,-92.6444,53.73,43,1,12.66,US,2021-10-31 22:10:42
479,Cozumel,20.5083,-86.9458,82.94,56,1,4.0,MX,2021-10-31 22:07:37
480,Namibe,-15.1961,12.1522,66.72,68,57,8.43,AO,2021-10-31 22:10:43
481,Neiafu,-18.65,-173.9833,81.28,69,20,11.5,TO,2021-10-31 22:10:43
482,Nizwa,22.9333,57.5333,75.94,25,0,5.77,OM,2021-10-31 22:10:44
483,Juba,4.8517,31.5825,75.76,60,26,1.92,SS,2021-10-31 22:10:44
484,Chimbote,-9.0853,-78.5783,65.97,78,16,9.31,PE,2021-10-31 22:10:44
485,Debre Sina,9.85,39.7667,49.55,91,69,2.59,ET,2021-10-31 22:10:45
486,Port-Gentil,-0.7193,8.7815,78.58,86,97,13.67,GA,2021-10-31 22:10:45
487,Sampit,-2.5333,112.95,73.18,99,77,1.77,ID,2021-10-31 22:10:46
488,Eureka,40.8021,-124.1637,68.2,66,75,7.0,US,2021-10-31 22:10:46
489,Nyurba,63.2842,118.3319,14.32,87,57,7.36,RU,2021-10-31 22:10:46
490,Novodugino,55.6305,34.2842,40.14,80,8,10.2,RU,2021-10-31 22:10:47
491,Barentu,15.1139,37.5928,77.81,40,27,6.69,ER,2021-10-31 22:10:47
492,Aguas Vermelhas,-15.7472,-41.46,70.7,76,98,5.41,BR,2021-10-31 22:10:48
493,Conceicao Do Araguaia,-8.2578,-49.2647,76.39,80,86,1.1,BR,2021-10-31 22:10:48
494,Jacareacanga,-6.2222,-57.7528,75.61,92,91,0.85,BR,2021-10-31 22:10:48
495,Hadrut,39.52,47.0318,47.75,87,46,1.45,AZ,2021-10-31 22:10:49
496,Wahpeton,46.2652,-96.6059,43.52,49,90,10.36,US,2021-10-31 22:10:49
497,Togur,58.3631,82.8265,13.87,82,91,10.63,RU,2021-10-31 22:11:50
498,Tlalchapa,18.4,-100.4667,83.19,64,93,1.59,MX,2021-10-31 22:11:50
499,Asau,46.4333,26.4,43.29,92,0,2.55,RO,2021-10-31 22:11:51
500,Edgewater,28.9889,-80.9023,72.01,56,0,3.56,US,2021-10-31 22:11:51
501,Nabire,-3.3667,135.4833,76.84,90,86,1.9,ID,2021-10-31 22:11:51
502,Buala,-8.145,159.5921,82.36,76,98,4.92,SB,2021-10-31 22:11:52
503,Cumnock,55.4544,-4.2664,46.99,96,100,4.36,GB,2021-10-31 22:11:52
504,Port Pirie,-33.1833,138.0167,68.09,20,97,6.35,AU,2021-10-31 22:11:53
505,Broome,42.2506,-75.833,55.89,81,90,1.01,US,2021-10-31 22:11:53
506,Kaniama,-7.5667,24.1833,65.26,96,100,1.23,CD,2021-10-31 22:11:53
507,Hualmay,-11.0964,-77.6139,66.69,76,10,10.0,PE,2021-10-31 22:11:54
508,Baghdad,33.3406,44.4009,73.31,64,100,5.75,IQ,2021-10-31 22:09:33
509,Bintulu,3.1667,113.0333,76.23,91,100,4.09,MY,2021-10-31 22:11:54
510,Anadyr,64.75,177.4833,-5.01,76,0,11.01,RU,2021-10-31 22:11:55
511,Mackay,-21.15,149.2,75.69,77,92,19.62,AU,2021-10-31 22:10:46
512,Independence,39.0911,-94.4155,56.44,45,1,1.99,US,2021-10-31 22:09:33
513,Rafraf,37.1904,10.1837,68.31,78,82,15.52,TN,2021-10-31 22:11:55
514,Sain Alto,23.5833,-103.25,73.44,23,30,2.95,MX,2021-10-31 22:11:56
515,Biloela,-24.4167,150.5,71.92,58,57,13.09,AU,2021-10-31 22:11:56
516,Kahului,20.8947,-156.47,84.97,64,20,13.8,US,2021-10-31 22:11:57
517,Mananjary,-21.2167,48.3333,72.1,93,75,7.2,MG,2021-10-31 22:11:57
518,Nola,40.922,14.5329,65.37,89,100,1.48,IT,2021-10-31 22:10:41
519,Igarka,67.4667,86.5833,-0.24,98,100,4.45,RU,2021-10-31 22:11:58
520,Quesnel,52.9999,-122.5029,42.6,34,3,0.98,CA,2021-10-31 22:08:27
521,Barstow,34.8986,-117.0228,78.15,25,56,16.91,US,2021-10-31 22:11:58
522,Bassila,9.0081,1.6654,75.18,68,89,2.24,BJ,2021-10-31 22:11:59
523,Nyimba,-14.5566,30.8149,81.59,33,13,7.34,ZM,2021-10-31 22:11:59
524,La Ronge,55.1001,-105.2842,33.55,59,99,9.04,CA,2021-10-31 22:11:59
525,Erzin,36.9559,36.2,66.72,64,69,7.09,TR,2021-10-31 22:12:00
526,Outjo,-20.1167,16.15,67.64,18,28,11.12,NA,2021-10-31 22:12:00
527,Trairi,-3.2778,-39.2689,80.29,78,17,9.84,BR,2021-10-31 22:10:46
528,Ostrovnoy,68.0531,39.5131,36.12,80,98,10.42,RU,2021-10-31 22:12:01
529,Mayumba,-3.432,10.6554,77.14,88,98,7.72,GA,2021-10-31 22:12:01
530,Freeport,40.6576,-73.5832,64.42,65,40,8.01,US,2021-10-31 22:12:02
531,Qeshm,26.9581,56.2719,76.87,46,0,5.77,IR,2021-10-31 22:12:03
532,Vestmannaeyjar,63.4427,-20.2734,37.63,68,43,25.23,IS,2021-10-31 22:12:03
533,Sioux Lookout,50.1001,-91.917,35.22,78,99,8.3,CA,2021-10-31 22:12:04
534,Horn Lake,34.9554,-90.0348,70.09,50,1,5.01,US,2021-10-31 22:12:04
535,Bonavista,48.6499,-53.1147,46.11,93,55,15.01,CA,2021-10-31 22:12:04
536,Talaya,61.3833,152.75,-16.89,99,92,1.59,RU,2021-10-31 22:12:05
537,Rafaela,-31.2503,-61.4867,86.65,37,80,13.24,AR,2021-10-31 22:12:05
538,Nishihara,26.1842,127.7558,70.88,83,20,3.44,JP,2021-10-31 22:09:24
539,Atar,20.5169,-13.0499,84.16,17,2,7.31,MR,2021-10-31 22:12:06
540,Chumikan,54.7183,135.315,23.52,61,8,13.22,RU,2021-10-31 22:12:06
541,Enshi,30.3,109.4833,56.7,97,100,0.98,CN,2021-10-31 22:12:07
542,Aksay,47.26,39.87,48.92,76,0,11.01,RU,2021-10-31 22:12:07
543,Boguchany,58.3814,97.4531,32.58,96,100,7.16,RU,2021-10-31 22:13:08
544,Pec,42.6591,20.2883,37.69,82,0,2.08,XK,2021-10-31 22:13:08
545,Barpali,21.2,83.5833,68.86,68,5,4.99,IN,2021-10-31 22:13:09
546,Antalaha,-14.9003,50.2788,72.01,90,9,3.6,MG,2021-10-31 22:13:09
547,Esfarayen,37.0765,57.5101,50.68,49,74,2.1,IR,2021-10-31 22:13:09
548,Tatarani,45.0,25.2667,47.48,99,97,1.97,RO,2021-10-31 22:13:10
549,Puerto Carreno,6.189,-67.4859,79.75,83,75,1.92,CO,2021-10-31 22:13:10
550,Altay,47.8667,88.1167,32.97,93,100,7.36,CN,2021-10-31 22:13:11
551,Aksarka,66.5606,67.7975,1.69,81,54,6.15,RU,2021-10-31 22:13:11
552,Yarmouth,41.7057,-70.2286,61.97,88,1,8.01,US,2021-10-31 22:13:11
553,Bhalki,18.0333,77.2167,66.4,72,34,6.29,IN,2021-10-31 22:13:12
554,Kununurra,-15.7667,128.7333,78.78,78,25,5.75,AU,2021-10-31 22:13:12
555,Panchagarh,26.3313,88.562,66.04,74,0,3.38,BD,2021-10-31 22:13:13
556,Bull Savanna,17.8868,-77.5902,79.52,79,42,8.75,JM,2021-10-31 22:13:13
557,Fort Nelson,58.8053,-122.7002,39.49,37,16,3.53,CA,2021-10-31 22:13:13
558,Newport,51.5877,-2.9984,52.77,85,40,33.17,GB,2021-10-31 22:13:14
559,Rurrenabaque,-14.4413,-67.5278,96.21,30,18,5.79,BO,2021-10-31 22:13:14
560,Melfi,40.9965,15.6514,58.41,80,100,1.97,IT,2021-10-31 22:13:15
561,Sorland,67.667,12.6934,48.24,86,100,24.58,NO,2021-10-31 22:13:15
562,Qasigiannguit,68.8193,-51.1922,34.05,92,100,7.81,GL,2021-10-31 22:13:15
563,General Pico,-35.6566,-63.7568,51.44,96,100,10.02,AR,2021-10-31 22:13:16
564,Little Elm,33.1626,-96.9375,81.64,33,0,1.99,US,2021-10-31 22:10:11
565,Zhangye,38.9342,100.4517,41.04,42,100,5.97,CN,2021-10-31 22:13:16
566,Birjand,32.8663,59.2211,51.35,41,3,5.19,IR,2021-10-31 22:13:17
